{
    "description": "type=winning|dominant, semantics=mealy|moore",
	"semantics": "moore",
    "type": "winning",
	"inputs":  ["P60", "P62", "P71", "P91", "P75", "P16", "P18", "P35"],
	"outputs": ["P135", "P106", "P151"],
	"assumptions": [],
	"guarantees": [
		"((G((P71) -> (X[!](P35)))) -> ((G((P16) -> ((X[!](P135)) | (X[!](X[!](P135))) | (X[!](X[!](X[!](P135))))))) & (G((P135) -> (X[!](!(P135))))) & (G((P71) -> (X[!]((!(P135)) U (P35))))))) & ((G((P91) -> (X[!](P35)))) -> ((G((P18) -> ((X[!](P151)) | (X[!](X[!](P151))) | (X[!](X[!](X[!](P151))))))) & (G((P151) -> (X[!](!(P151))))) & (G((P91) -> (X[!]((!(P151)) U (P35))))))) & ((G((P62) -> (X[!](P75)))) -> ((G((P60) -> ((X[!](P106)) | (X[!](X[!](P106))) | (X[!](X[!](X[!](P106))))))) & (G((P106) -> (X[!](!(P106))))) & (G((P62) -> (X[!]((!(P106)) U (P75)))))))"
	]
}
